{
  "id": "PM5K088N_lower",
  "name": "Скученность нижней челюсти (демо)",
  "jaw": "lower",
  "toothCount": 13,
  "source": "Teeth3DS / 3DTeethSeg22 (CC BY-NC-SA 4.0)",
  "toothCenters": {
    "31": [
      2.727161820731355,
      -14.020096361895249,
      0.9084811984039909
    ],
    "32": [
      -2.1863183865505444,
      -13.141813094078564,
      0.1748215525634602
    ],
    "33": [
      -8.488726143840003,
      -9.88496517120347,
      -0.3283329226714936
    ],
    "34": [
      -14.005539408453844,
      -4.692258770475061,
      -2.0172742746893952
    ],
    "35": [
      -19.060019779200253,
      0.5204414449050968,
      -1.7569142422948518
    ],
    "36": [
      -24.59499370955077,
      8.547521986950695,
      0.057828645253962904
    ],
    "37": [
      -27.71800024905188,
      16.399915722386538,
      2.1939425798164964
    ],
    "41": [
      8.07538794013001,
      -12.040694907480999,
      1.1549410340728143
    ],
    "42": [
      12.017562861793925,
      -8.118049129393622,
      1.083110825805738
    ],
    "43": [
      15.713446103331549,
      -2.5300157589238954,
      0.22876516305572964
    ],
    "44": [
      18.063422664609448,
      4.977977690506095,
      -1.0708886727902822
    ],
    "45": [
      18.712518784906226,
      12.652620554884482,
      -1.0114825928971527
    ],
    "46": [
      20.744091653803203,
      21.3294105765632,
      0.38301686732502566
    ]
  }
}