{
  "id": "PM5K088N_lower",
  "name": "Скученность нижней челюсти (демо)",
  "jaw": "lower",
  "toothCount": 13,
  "source": "Teeth3DS / 3DTeethSeg22 (CC BY-NC-SA 4.0)",
  "toothCenters": {
    "31": [
      5.778491020202637,
      -23.49465560913086,
      17.45047378540039
    ],
    "32": [
      11.12242603302002,
      -20.91756820678711,
      15.896778106689453
    ],
    "33": [
      17.215593338012695,
      -15.082291603088379,
      14.007049560546875
    ],
    "34": [
      21.644664764404297,
      -7.571987152099609,
      10.39880084991455
    ],
    "35": [
      25.606895446777344,
      0.22452527284622192,
      9.163857460021973
    ],
    "36": [
      29.1580810546875,
      11.746219635009766,
      9.182269096374512
    ],
    "37": [
      29.990863800048828,
      22.28742218017578,
      9.866328239440918
    ],
    "41": [
      -1.1325476169586182,
      -23.06678581237793,
      17.90277862548828
    ],
    "42": [
      -7.1368818283081055,
      -19.992137908935547,
      17.44736671447754
    ],
    "43": [
      -13.494986534118652,
      -15.099021911621094,
      15.702982902526855
    ],
    "44": [
      -19.012542724609375,
      -7.6347455978393555,
      12.909786224365234
    ],
    "45": [
      -22.56697654724121,
      0.9176236987113953,
      11.533607482910156
    ],
    "46": [
      -28.03738021850586,
      10.419170379638672,
      11.697092056274414
    ]
  }
}