{
  "id": "PM5K088N_lower",
  "kind": "demo",
  "title": "Демо-план: коррекция средней линии на 2.3 мм, выравнивание по идеальной арке (макс. отклонение 7.4 мм)",
  "arch": {
    "a": 0.04630530698352458,
    "b": -0.05534467531684939,
    "c": -25.091462147353706
  },
  "midline_x": 2.3229717016220093,
  "targets": {
    "31": {
      "position": [
        -1.975,
        -0.315,
        0.0
      ],
      "quaternion": [
        0.0,
        0.0,
        0.0,
        1.0
      ]
    },
    "32": {
      "position": [
        -1.975,
        0.798,
        0.0
      ],
      "quaternion": [
        0.0,
        0.0,
        0.0,
        1.0
      ]
    },
    "33": {
      "position": [
        -1.975,
        2.348,
        0.0
      ],
      "quaternion": [
        0.0,
        0.0,
        0.0,
        1.0
      ]
    },
    "34": {
      "position": [
        -1.975,
        2.53,
        0.0
      ],
      "quaternion": [
        0.0,
        0.0,
        0.0,
        1.0
      ]
    },
    "35": {
      "position": [
        -1.975,
        3.085,
        0.0
      ],
      "quaternion": [
        0.0,
        0.0,
        0.0,
        1.0
      ]
    },
    "36": {
      "position": [
        -1.975,
        0.779,
        0.0
      ],
      "quaternion": [
        0.0,
        0.0,
        0.0,
        1.0
      ]
    },
    "37": {
      "position": [
        -1.975,
        -3.5,
        0.0
      ],
      "quaternion": [
        0.0,
        0.0,
        0.0,
        1.0
      ]
    },
    "41": {
      "position": [
        -1.975,
        -1.617,
        0.0
      ],
      "quaternion": [
        0.0,
        0.0,
        0.0,
        1.0
      ]
    },
    "42": {
      "position": [
        -1.975,
        -1.994,
        0.0
      ],
      "quaternion": [
        0.0,
        0.0,
        0.0,
        1.0
      ]
    },
    "43": {
      "position": [
        -1.975,
        -0.691,
        0.0
      ],
      "quaternion": [
        0.0,
        0.0,
        0.0,
        1.0
      ]
    },
    "44": {
      "position": [
        -1.975,
        0.284,
        0.0
      ],
      "quaternion": [
        0.0,
        0.0,
        0.0,
        1.0
      ]
    },
    "45": {
      "position": [
        -1.975,
        -1.002,
        0.0
      ],
      "quaternion": [
        0.0,
        0.0,
        0.0,
        1.0
      ]
    },
    "46": {
      "position": [
        -1.975,
        2.075,
        0.0
      ],
      "quaternion": [
        0.0,
        0.0,
        0.0,
        1.0
      ]
    }
  }
}