{
  "id": "PM5K088N_lower",
  "kind": "demo",
  "title": "Демо-план: коррекция midline на 5.4 мм, выравнивание по дуге (макс. отклонение 22.7 мм)",
  "arch": {
    "a": 0.019558359486357483,
    "b": 0.0,
    "c": -5.9570023690725
  },
  "midline_x": 5.401274880430683,
  "targets": {
    "31": {
      "position": [
        -3.656,
        4.0,
        0.0
      ],
      "quaternion": [
        0.0,
        0.0,
        0.0,
        1.0
      ]
    },
    "32": {
      "position": [
        -3.816,
        4.0,
        0.0
      ],
      "quaternion": [
        0.0,
        0.0,
        0.0,
        1.0
      ]
    },
    "33": {
      "position": [
        -3.288,
        4.0,
        0.0
      ],
      "quaternion": [
        0.0,
        0.0,
        0.0,
        1.0
      ]
    },
    "34": {
      "position": [
        -3.425,
        4.0,
        0.0
      ],
      "quaternion": [
        0.0,
        0.0,
        0.0,
        1.0
      ]
    },
    "35": {
      "position": [
        -3.629,
        3.513,
        0.0
      ],
      "quaternion": [
        0.0,
        0.0,
        0.0,
        1.0
      ]
    },
    "36": {
      "position": [
        -4.0,
        2.491,
        0.0
      ],
      "quaternion": [
        0.0,
        0.0,
        0.0,
        1.0
      ]
    },
    "37": {
      "position": [
        -4.0,
        2.984,
        0.0
      ],
      "quaternion": [
        0.0,
        0.0,
        0.0,
        1.0
      ]
    },
    "41": {
      "position": [
        -3.906,
        4.0,
        0.0
      ],
      "quaternion": [
        0.0,
        0.0,
        0.0,
        1.0
      ]
    },
    "42": {
      "position": [
        -3.066,
        2.311,
        0.0
      ],
      "quaternion": [
        0.0,
        0.0,
        0.0,
        1.0
      ]
    },
    "43": {
      "position": [
        -1.769,
        -0.018,
        0.0
      ],
      "quaternion": [
        0.0,
        0.0,
        0.0,
        1.0
      ]
    },
    "44": {
      "position": [
        0.584,
        -2.765,
        0.0
      ],
      "quaternion": [
        0.0,
        0.0,
        0.0,
        1.0
      ]
    },
    "45": {
      "position": [
        3.872,
        -4.0,
        0.0
      ],
      "quaternion": [
        0.0,
        0.0,
        0.0,
        1.0
      ]
    },
    "46": {
      "position": [
        4.0,
        -4.0,
        0.0
      ],
      "quaternion": [
        0.0,
        0.0,
        0.0,
        1.0
      ]
    }
  }
}