{
  "id": "PM5K088N_lower",
  "kind": "demo",
  "title": "Демо-план: коррекция midline на 2.3 мм, выравнивание по дуге (макс. отклонение 11.6 мм)",
  "arch": {
    "a": 0.04616922551695151,
    "b": 0.0,
    "c": -24.684421178089394
  },
  "midline_x": 2.3229717016220093,
  "targets": {
    "31": {
      "position": [
        -4.0,
        -0.634,
        0.0
      ],
      "quaternion": [
        0.0,
        0.0,
        0.0,
        1.0
      ]
    },
    "32": {
      "position": [
        -4.0,
        -0.942,
        0.0
      ],
      "quaternion": [
        0.0,
        0.0,
        0.0,
        1.0
      ]
    },
    "33": {
      "position": [
        -4.0,
        -2.265,
        0.0
      ],
      "quaternion": [
        0.0,
        0.0,
        0.0,
        1.0
      ]
    },
    "34": {
      "position": [
        -4.0,
        -3.806,
        0.0
      ],
      "quaternion": [
        0.0,
        0.0,
        0.0,
        1.0
      ]
    },
    "35": {
      "position": [
        -4.0,
        -4.0,
        0.0
      ],
      "quaternion": [
        0.0,
        0.0,
        0.0,
        1.0
      ]
    },
    "36": {
      "position": [
        -4.0,
        -4.0,
        0.0
      ],
      "quaternion": [
        0.0,
        0.0,
        0.0,
        1.0
      ]
    },
    "37": {
      "position": [
        -4.0,
        -4.0,
        0.0
      ],
      "quaternion": [
        0.0,
        0.0,
        0.0,
        1.0
      ]
    },
    "41": {
      "position": [
        2.528,
        -0.934,
        0.0
      ],
      "quaternion": [
        0.0,
        0.0,
        0.0,
        1.0
      ]
    },
    "42": {
      "position": [
        4.0,
        -1.59,
        0.0
      ],
      "quaternion": [
        0.0,
        0.0,
        0.0,
        1.0
      ]
    },
    "43": {
      "position": [
        4.0,
        -2.253,
        0.0
      ],
      "quaternion": [
        0.0,
        0.0,
        0.0,
        1.0
      ]
    },
    "44": {
      "position": [
        4.0,
        -3.762,
        0.0
      ],
      "quaternion": [
        0.0,
        0.0,
        0.0,
        1.0
      ]
    },
    "45": {
      "position": [
        4.0,
        -4.0,
        0.0
      ],
      "quaternion": [
        0.0,
        0.0,
        0.0,
        1.0
      ]
    },
    "46": {
      "position": [
        4.0,
        -4.0,
        0.0
      ],
      "quaternion": [
        0.0,
        0.0,
        0.0,
        1.0
      ]
    }
  }
}