{
  "id": "ZOUIF2W4_upper",
  "name": "Скученность верхней челюсти (демо)",
  "jaw": "upper",
  "toothCount": 14,
  "source": "Teeth3DS / 3DTeethSeg22 (CC BY-NC-SA 4.0)",
  "toothCenters": {
    "11": [
      9.622119903564453,
      -26.138212203979492,
      22.920888900756836
    ],
    "12": [
      18.128190994262695,
      -22.987642288208008,
      20.700660705566406
    ],
    "13": [
      22.836462020874023,
      -15.251286506652832,
      19.36570930480957
    ],
    "14": [
      23.187105178833008,
      -6.804478168487549,
      20.15220069885254
    ],
    "15": [
      27.240140914916992,
      1.6621745824813843,
      20.232707977294922
    ],
    "16": [
      30.147518157958984,
      12.395682334899902,
      17.6170654296875
    ],
    "17": [
      33.98289108276367,
      23.695266723632812,
      13.302330017089844
    ],
    "21": [
      -1.3409171104431152,
      -27.6959171295166,
      22.162532806396484
    ],
    "22": [
      -8.556397438049316,
      -23.266584396362305,
      22.062761306762695
    ],
    "23": [
      -15.129148483276367,
      -16.498870849609375,
      20.579442977905273
    ],
    "24": [
      -15.41244888305664,
      -7.989270210266113,
      20.63528060913086
    ],
    "25": [
      -19.836978912353516,
      0.6157254576683044,
      21.070507049560547
    ],
    "26": [
      -24.49574089050293,
      10.664854049682617,
      19.299442291259766
    ],
    "27": [
      -28.86643409729004,
      22.18484878540039,
      15.551406860351562
    ]
  }
}