{
  "id": "ZOUIF2W4_upper",
  "kind": "demo",
  "title": "Демо-план: коррекция средней линии на 4.1 мм, выравнивание по идеальной арке (макс. отклонение 6.1 мм)",
  "arch": {
    "a": 0.05473686091697956,
    "b": -0.3291794080485113,
    "c": -30.192690102494797
  },
  "midline_x": 4.140601396560669,
  "targets": {
    "11": {
      "position": [
        -3.5,
        -1.831,
        0.0
      ],
      "quaternion": [
        0.0,
        0.0,
        0.0,
        1.0
      ]
    },
    "12": {
      "position": [
        -3.5,
        3.5,
        0.0
      ],
      "quaternion": [
        0.0,
        0.0,
        0.0,
        1.0
      ]
    },
    "13": {
      "position": [
        -3.5,
        3.5,
        0.0
      ],
      "quaternion": [
        0.0,
        0.0,
        0.0,
        1.0
      ]
    },
    "14": {
      "position": [
        -3.5,
        -1.353,
        0.0
      ],
      "quaternion": [
        0.0,
        0.0,
        0.0,
        1.0
      ]
    },
    "15": {
      "position": [
        -3.5,
        -0.175,
        0.0
      ],
      "quaternion": [
        0.0,
        0.0,
        0.0,
        1.0
      ]
    },
    "16": {
      "position": [
        -3.5,
        -2.349,
        0.0
      ],
      "quaternion": [
        0.0,
        0.0,
        0.0,
        1.0
      ]
    },
    "17": {
      "position": [
        -3.5,
        -1.583,
        0.0
      ],
      "quaternion": [
        0.0,
        0.0,
        0.0,
        1.0
      ]
    },
    "21": {
      "position": [
        -3.5,
        -1.663,
        0.0
      ],
      "quaternion": [
        0.0,
        0.0,
        0.0,
        1.0
      ]
    },
    "22": {
      "position": [
        -3.5,
        -0.087,
        0.0
      ],
      "quaternion": [
        0.0,
        0.0,
        0.0,
        1.0
      ]
    },
    "23": {
      "position": [
        -3.5,
        3.243,
        0.0
      ],
      "quaternion": [
        0.0,
        0.0,
        0.0,
        1.0
      ]
    },
    "24": {
      "position": [
        -3.5,
        -3.5,
        0.0
      ],
      "quaternion": [
        0.0,
        0.0,
        0.0,
        1.0
      ]
    },
    "25": {
      "position": [
        -3.5,
        -2.328,
        0.0
      ],
      "quaternion": [
        0.0,
        0.0,
        0.0,
        1.0
      ]
    },
    "26": {
      "position": [
        -3.5,
        0.043,
        0.0
      ],
      "quaternion": [
        0.0,
        0.0,
        0.0,
        1.0
      ]
    },
    "27": {
      "position": [
        -3.5,
        2.325,
        0.0
      ],
      "quaternion": [
        0.0,
        0.0,
        0.0,
        1.0
      ]
    }
  }
}