{
  "id": "X9OQZ131_upper",
  "name": "Парный кейс — верхняя челюсть",
  "jaw": "upper",
  "toothCount": 14,
  "source": "Teeth3DS / 3DTeethSeg22 (CC BY-NC-SA 4.0)",
  "toothCenters": {
    "11": [
      4.278533507941587,
      -17.532102620508766,
      0.07119664559157862
    ],
    "12": [
      11.35318183380321,
      -14.43156301104419,
      0.48256037906991045
    ],
    "13": [
      16.30080219505829,
      -8.802663824769018,
      0.3899261096488449
    ],
    "14": [
      19.11194011464675,
      -1.7598630235997332,
      -0.2851669058777351
    ],
    "15": [
      21.01607092119666,
      4.8012993331164955,
      -0.5250338108825404
    ],
    "16": [
      23.207911181832948,
      13.456003518780308,
      -0.7827978041497142
    ],
    "17": [
      25.907858814232885,
      23.48985561364353,
      0.7883575016408033
    ],
    "21": [
      -4.401773804480111,
      -17.117484470973924,
      -0.15859258528736328
    ],
    "22": [
      -11.442750989648655,
      -13.867535062480947,
      0.26428326943898156
    ],
    "23": [
      -16.441125004053337,
      -8.352033067318866,
      0.49308428958411116
    ],
    "24": [
      -18.904384324637487,
      -1.4366300229074664,
      -0.4702253770188671
    ],
    "25": [
      -21.425160416921464,
      4.794529286906485,
      -0.5420170555681431
    ],
    "26": [
      -23.39501975370432,
      13.266711604118345,
      -0.6089459844529567
    ],
    "27": [
      -25.166093057389116,
      23.49145928914448,
      0.8832583248655743
    ]
  },
  "pairedCaseId": "X9OQZ131_lower",
  "isPrimary": false
}