{
  "id": "X9OQZ131_upper",
  "name": "Парный кейс — верхняя челюсть",
  "jaw": "upper",
  "toothCount": 14,
  "source": "Teeth3DS / 3DTeethSeg22 (CC BY-NC-SA 4.0)",
  "toothCenters": {
    "11": [
      19.03788185119629,
      -39.06852340698242,
      10.3665132522583
    ],
    "12": [
      29.211938858032227,
      -31.830690383911133,
      8.588144302368164
    ],
    "13": [
      35.12104797363281,
      -21.224071502685547,
      7.206479549407959
    ],
    "14": [
      37.14139175415039,
      -8.99221420288086,
      6.591057300567627
    ],
    "15": [
      37.87989807128906,
      2.0688939094543457,
      5.434168338775635
    ],
    "16": [
      38.34382629394531,
      16.535877227783203,
      3.833315372467041
    ],
    "17": [
      39.10784912109375,
      32.94111633300781,
      -1.052212119102478
    ],
    "21": [
      5.073805809020996,
      -41.355682373046875,
      11.187926292419434
    ],
    "22": [
      -7.28181266784668,
      -38.75189971923828,
      10.237217903137207
    ],
    "23": [
      -17.175233840942383,
      -31.826143264770508,
      8.980498313903809
    ],
    "24": [
      -23.504915237426758,
      -21.54890251159668,
      9.186566352844238
    ],
    "25": [
      -29.69938850402832,
      -12.572043418884277,
      8.105391502380371
    ],
    "26": [
      -35.80118942260742,
      0.12895841896533966,
      6.49512243270874
    ],
    "27": [
      -42.22230911254883,
      15.311504364013672,
      1.974084734916687
    ]
  },
  "pairedCaseId": "X9OQZ131_lower",
  "isPrimary": false
}