{
  "id": "X9OQZ131_upper",
  "kind": "demo",
  "title": "Демо-план: коррекция midline на 12.1 мм, выравнивание по дуге (макс. отклонение 48.7 мм)",
  "arch": {
    "a": 0.01386991726497128,
    "b": 0.0,
    "c": -25.864156124954825
  },
  "midline_x": 12.055843830108643,
  "targets": {
    "11": {
      "position": [
        -4.0,
        4.0,
        0.0
      ],
      "quaternion": [
        0.0,
        0.0,
        0.0,
        1.0
      ]
    },
    "12": {
      "position": [
        -4.0,
        4.0,
        0.0
      ],
      "quaternion": [
        0.0,
        0.0,
        0.0,
        1.0
      ]
    },
    "13": {
      "position": [
        -4.0,
        -0.094,
        0.0
      ],
      "quaternion": [
        0.0,
        0.0,
        0.0,
        1.0
      ]
    },
    "14": {
      "position": [
        -4.0,
        -4.0,
        0.0
      ],
      "quaternion": [
        0.0,
        0.0,
        0.0,
        1.0
      ]
    },
    "15": {
      "position": [
        -4.0,
        -4.0,
        0.0
      ],
      "quaternion": [
        0.0,
        0.0,
        0.0,
        1.0
      ]
    },
    "16": {
      "position": [
        -1.669,
        -4.0,
        0.0
      ],
      "quaternion": [
        0.0,
        0.0,
        0.0,
        1.0
      ]
    },
    "17": {
      "position": [
        2.524,
        -4.0,
        0.0
      ],
      "quaternion": [
        0.0,
        0.0,
        0.0,
        1.0
      ]
    },
    "21": {
      "position": [
        -4.0,
        4.0,
        0.0
      ],
      "quaternion": [
        0.0,
        0.0,
        0.0,
        1.0
      ]
    },
    "22": {
      "position": [
        -2.991,
        4.0,
        0.0
      ],
      "quaternion": [
        0.0,
        0.0,
        0.0,
        1.0
      ]
    },
    "23": {
      "position": [
        -0.595,
        4.0,
        0.0
      ],
      "quaternion": [
        0.0,
        0.0,
        0.0,
        1.0
      ]
    },
    "24": {
      "position": [
        -0.538,
        2.7,
        0.0
      ],
      "quaternion": [
        0.0,
        0.0,
        0.0,
        1.0
      ]
    },
    "25": {
      "position": [
        0.016,
        -0.754,
        0.0
      ],
      "quaternion": [
        0.0,
        0.0,
        0.0,
        1.0
      ]
    },
    "26": {
      "position": [
        -0.11,
        -4.0,
        0.0
      ],
      "quaternion": [
        0.0,
        0.0,
        0.0,
        1.0
      ]
    },
    "27": {
      "position": [
        -0.343,
        -4.0,
        0.0
      ],
      "quaternion": [
        0.0,
        0.0,
        0.0,
        1.0
      ]
    }
  }
}