{
  "id": "X9OQZ131_upper",
  "kind": "demo",
  "title": "Демо-план: выравнивание по дуге (макс. отклонение 5.1 мм)",
  "arch": {
    "a": 0.06476502361744335,
    "b": 0.0,
    "c": -22.424570788743715
  },
  "midline_x": -0.06162014826926221,
  "targets": {
    "11": {
      "position": [
        -0.147,
        -2.674,
        0.0
      ],
      "quaternion": [
        0.0,
        0.0,
        0.0,
        1.0
      ]
    },
    "12": {
      "position": [
        -1.2,
        -1.384,
        0.0
      ],
      "quaternion": [
        0.0,
        0.0,
        0.0,
        1.0
      ]
    },
    "13": {
      "position": [
        -1.948,
        -1.251,
        0.0
      ],
      "quaternion": [
        0.0,
        0.0,
        0.0,
        1.0
      ]
    },
    "14": {
      "position": [
        -1.614,
        -1.66,
        0.0
      ],
      "quaternion": [
        0.0,
        0.0,
        0.0,
        1.0
      ]
    },
    "15": {
      "position": [
        -1.096,
        -1.907,
        0.0
      ],
      "quaternion": [
        0.0,
        0.0,
        0.0,
        1.0
      ]
    },
    "16": {
      "position": [
        -0.571,
        -2.384,
        0.0
      ],
      "quaternion": [
        0.0,
        0.0,
        0.0,
        1.0
      ]
    },
    "17": {
      "position": [
        -0.312,
        -2.748,
        0.0
      ],
      "quaternion": [
        0.0,
        0.0,
        0.0,
        1.0
      ]
    },
    "21": {
      "position": [
        0.234,
        -2.965,
        0.0
      ],
      "quaternion": [
        0.0,
        0.0,
        0.0,
        1.0
      ]
    },
    "22": {
      "position": [
        1.263,
        -1.778,
        0.0
      ],
      "quaternion": [
        0.0,
        0.0,
        0.0,
        1.0
      ]
    },
    "23": {
      "position": [
        2.046,
        -1.566,
        0.0
      ],
      "quaternion": [
        0.0,
        0.0,
        0.0,
        1.0
      ]
    },
    "24": {
      "position": [
        1.469,
        -1.886,
        0.0
      ],
      "quaternion": [
        0.0,
        0.0,
        0.0,
        1.0
      ]
    },
    "25": {
      "position": [
        1.382,
        -1.902,
        0.0
      ],
      "quaternion": [
        0.0,
        0.0,
        0.0,
        1.0
      ]
    },
    "26": {
      "position": [
        0.702,
        -2.252,
        0.0
      ],
      "quaternion": [
        0.0,
        0.0,
        0.0,
        1.0
      ]
    },
    "27": {
      "position": [
        -0.207,
        -2.749,
        0.0
      ],
      "quaternion": [
        0.0,
        0.0,
        0.0,
        1.0
      ]
    }
  }
}