{
  "id": "01F4JV8X_upper",
  "name": "Норма прикуса (демо)",
  "jaw": "upper",
  "toothCount": 14,
  "source": "Teeth3DS / 3DTeethSeg22 (CC BY-NC-SA 4.0)",
  "toothCenters": {
    "11": [
      2.9837555168369323,
      -16.792602633426487,
      0.7231560795359269
    ],
    "12": [
      7.4037123685406225,
      -12.160950004402684,
      -0.6050458240791947
    ],
    "13": [
      13.270948464166942,
      -9.196989011804174,
      0.09415583892691154
    ],
    "14": [
      15.383142973750171,
      -2.4242405090422987,
      -0.8674925859736862
    ],
    "15": [
      18.150706596181475,
      3.9059401285854762,
      -0.7641147756096459
    ],
    "16": [
      19.44988487702207,
      12.391369656611776,
      -0.32868324010829203
    ],
    "17": [
      22.166441448769394,
      21.247536723459476,
      1.221641189563737
    ],
    "21": [
      -4.494555136187427,
      -17.32567548761904,
      1.361540612173902
    ],
    "22": [
      -8.227681409238128,
      -12.550514497037009,
      -0.02251610305700298
    ],
    "23": [
      -13.887078301844845,
      -7.859262382831022,
      0.09223555620763134
    ],
    "24": [
      -16.17478988084017,
      -1.2632961510136744,
      -0.46019776031443527
    ],
    "25": [
      -18.347176948825222,
      5.043747805637181,
      -0.7597454316182369
    ],
    "26": [
      -18.338007142130117,
      13.672385307071005,
      -0.47603459653940394
    ],
    "27": [
      -19.339290900929207,
      23.312535752991355,
      0.7910031218206791
    ]
  }
}