{
  "id": "01F4JV8X_upper",
  "name": "Норма прикуса (демо)",
  "jaw": "upper",
  "toothCount": 14,
  "source": "Teeth3DS / 3DTeethSeg22 (CC BY-NC-SA 4.0)",
  "toothCenters": {
    "11": [
      8.887147903442383,
      -25.11968994140625,
      22.32248878479004
    ],
    "12": [
      13.929750442504883,
      -18.320476531982422,
      23.21987533569336
    ],
    "13": [
      21.133909225463867,
      -13.823894500732422,
      21.82463836669922
    ],
    "14": [
      22.904468536376953,
      -4.672892093658447,
      21.834619522094727
    ],
    "15": [
      25.614904403686523,
      3.8092074394226074,
      20.559471130371094
    ],
    "16": [
      26.136672973632812,
      14.785704612731934,
      18.446096420288086
    ],
    "17": [
      28.473554611206055,
      26.233633041381836,
      14.840384483337402
    ],
    "21": [
      -0.6995841860771179,
      -26.971994400024414,
      21.531784057617188
    ],
    "22": [
      -6.23036527633667,
      -21.126628875732422,
      22.402544021606445
    ],
    "23": [
      -14.199666023254395,
      -15.933161735534668,
      21.340085983276367
    ],
    "24": [
      -18.087459564208984,
      -7.702733039855957,
      20.816354751586914
    ],
    "25": [
      -21.778844833374023,
      0.12762632966041565,
      20.0209903717041
    ],
    "26": [
      -22.950754165649414,
      11.133649826049805,
      18.065444946289062
    ],
    "27": [
      -25.541996002197266,
      23.114315032958984,
      14.647321701049805
    ]
  }
}