{
  "id": "01F4JV8X_upper",
  "kind": "demo",
  "title": "Демо-план: коррекция midline на 0.8 мм, выравнивание по дуге (макс. отклонение 14.4 мм)",
  "arch": {
    "a": 0.08010693917504015,
    "b": 0.0,
    "c": -18.72696163328389
  },
  "midline_x": -0.7553998096752472,
  "targets": {
    "11": {
      "position": [
        0.706,
        -0.46,
        0.0
      ],
      "quaternion": [
        0.0,
        0.0,
        0.0,
        1.0
      ]
    },
    "12": {
      "position": [
        1.207,
        0.076,
        0.0
      ],
      "quaternion": [
        0.0,
        0.0,
        0.0,
        1.0
      ]
    },
    "13": {
      "position": [
        -0.462,
        2.247,
        0.0
      ],
      "quaternion": [
        0.0,
        0.0,
        0.0,
        1.0
      ]
    },
    "14": {
      "position": [
        0.116,
        2.144,
        0.0
      ],
      "quaternion": [
        0.0,
        0.0,
        0.0,
        1.0
      ]
    },
    "15": {
      "position": [
        -0.17,
        2.139,
        0.0
      ],
      "quaternion": [
        0.0,
        0.0,
        0.0,
        1.0
      ]
    },
    "16": {
      "position": [
        0.758,
        1.857,
        0.0
      ],
      "quaternion": [
        0.0,
        0.0,
        0.0,
        1.0
      ]
    },
    "17": {
      "position": [
        0.774,
        2.386,
        0.0
      ],
      "quaternion": [
        0.0,
        0.0,
        0.0,
        1.0
      ]
    },
    "21": {
      "position": [
        0.352,
        -0.087,
        0.0
      ],
      "quaternion": [
        0.0,
        0.0,
        0.0,
        1.0
      ]
    },
    "22": {
      "position": [
        -0.63,
        0.348,
        0.0
      ],
      "quaternion": [
        0.0,
        0.0,
        0.0,
        1.0
      ]
    },
    "23": {
      "position": [
        0.893,
        1.31,
        0.0
      ],
      "quaternion": [
        0.0,
        0.0,
        0.0,
        1.0
      ]
    },
    "24": {
      "position": [
        0.439,
        1.332,
        0.0
      ],
      "quaternion": [
        0.0,
        0.0,
        0.0,
        1.0
      ]
    },
    "25": {
      "position": [
        0.308,
        1.342,
        0.0
      ],
      "quaternion": [
        0.0,
        0.0,
        0.0,
        1.0
      ]
    },
    "26": {
      "position": [
        -1.536,
        0.96,
        0.0
      ],
      "quaternion": [
        0.0,
        0.0,
        0.0,
        1.0
      ]
    },
    "27": {
      "position": [
        -2.753,
        0.941,
        0.0
      ],
      "quaternion": [
        0.0,
        0.0,
        0.0,
        1.0
      ]
    }
  }
}