{
  "id": "01F4JV8X_upper",
  "kind": "demo",
  "title": "Демо-план: коррекция средней линии на 4.1 мм, выравнивание по идеальной арке (макс. отклонение 9.2 мм)",
  "arch": {
    "a": 0.06681196443660027,
    "b": -0.20501153962608143,
    "c": -30.140281843704223
  },
  "midline_x": 4.0937818586826324,
  "targets": {
    "11": {
      "position": [
        -3.48,
        -1.331,
        0.0
      ],
      "quaternion": [
        0.0,
        0.0,
        0.0,
        1.0
      ]
    },
    "12": {
      "position": [
        -3.48,
        -1.455,
        0.0
      ],
      "quaternion": [
        0.0,
        0.0,
        0.0,
        1.0
      ]
    },
    "13": {
      "position": [
        -3.48,
        3.5,
        0.0
      ],
      "quaternion": [
        0.0,
        0.0,
        0.0,
        1.0
      ]
    },
    "14": {
      "position": [
        -3.48,
        3.5,
        0.0
      ],
      "quaternion": [
        0.0,
        0.0,
        0.0,
        1.0
      ]
    },
    "15": {
      "position": [
        -3.48,
        3.5,
        0.0
      ],
      "quaternion": [
        0.0,
        0.0,
        0.0,
        1.0
      ]
    },
    "16": {
      "position": [
        -3.48,
        -3.5,
        0.0
      ],
      "quaternion": [
        0.0,
        0.0,
        0.0,
        1.0
      ]
    },
    "17": {
      "position": [
        -3.48,
        -3.5,
        0.0
      ],
      "quaternion": [
        0.0,
        0.0,
        0.0,
        1.0
      ]
    },
    "21": {
      "position": [
        -3.48,
        -2.543,
        0.0
      ],
      "quaternion": [
        0.0,
        0.0,
        0.0,
        1.0
      ]
    },
    "22": {
      "position": [
        -3.48,
        -3.5,
        0.0
      ],
      "quaternion": [
        0.0,
        0.0,
        0.0,
        1.0
      ]
    },
    "23": {
      "position": [
        -3.48,
        1.849,
        0.0
      ],
      "quaternion": [
        0.0,
        0.0,
        0.0,
        1.0
      ]
    },
    "24": {
      "position": [
        -3.48,
        2.659,
        0.0
      ],
      "quaternion": [
        0.0,
        0.0,
        0.0,
        1.0
      ]
    },
    "25": {
      "position": [
        -3.48,
        3.5,
        0.0
      ],
      "quaternion": [
        0.0,
        0.0,
        0.0,
        1.0
      ]
    },
    "26": {
      "position": [
        -3.48,
        -1.17,
        0.0
      ],
      "quaternion": [
        0.0,
        0.0,
        0.0,
        1.0
      ]
    },
    "27": {
      "position": [
        -3.48,
        -3.5,
        0.0
      ],
      "quaternion": [
        0.0,
        0.0,
        0.0,
        1.0
      ]
    }
  }
}