{
  "id": "X9OQZ131_lower",
  "name": "Пара челюстей — пациент X9OQZ131",
  "jaw": "lower",
  "toothCount": 14,
  "source": "Teeth3DS / 3DTeethSeg22 (CC BY-NC-SA 4.0)",
  "toothCenters": {
    "31": [
      -2.7740215320021333,
      -14.78679596726064,
      0.28924039527263007
    ],
    "32": [
      -7.481182592674443,
      -12.823276680209663,
      0.40605421138024067
    ],
    "33": [
      -12.80106619106732,
      -9.215459566128976,
      -0.1352691115948143
    ],
    "34": [
      -16.49855235712069,
      -3.1042596858800984,
      -0.42214909222851815
    ],
    "35": [
      -19.053082358798463,
      3.7492284894293393,
      -0.6355494583699125
    ],
    "36": [
      -21.46981345390639,
      12.785475948899169,
      -0.5026888825470965
    ],
    "37": [
      -23.20263215751959,
      23.6698166636343,
      0.894119049001529
    ],
    "41": [
      2.731855670315597,
      -14.443756183238918,
      0.5861314933735804
    ],
    "42": [
      7.752764387768859,
      -12.869733652459194,
      0.20091140593521675
    ],
    "43": [
      12.293157910551212,
      -9.029269032232122,
      -0.1983016391172946
    ],
    "44": [
      16.166388109308304,
      -3.1464482272292695,
      -0.20533401039736546
    ],
    "45": [
      18.6946282894197,
      3.5613447088547594,
      -0.2822965698100631
    ],
    "46": [
      21.871513987814282,
      12.61659743744181,
      -0.3912066217533487
    ],
    "47": [
      23.77004283727982,
      23.03654362634779,
      0.39629366920724735
    ]
  },
  "pairedCaseId": "X9OQZ131_upper",
  "isPrimary": true
}