{
  "id": "X9OQZ131_lower",
  "name": "Пара челюстей — пациент X9OQZ131",
  "jaw": "lower",
  "toothCount": 14,
  "source": "Teeth3DS / 3DTeethSeg22 (CC BY-NC-SA 4.0)",
  "toothCenters": {
    "31": [
      -6.866111755371094,
      -30.98340606689453,
      11.99267578125
    ],
    "32": [
      -13.254138946533203,
      -27.783306121826172,
      11.443059921264648
    ],
    "33": [
      -20.29868507385254,
      -22.39771842956543,
      9.58118724822998
    ],
    "34": [
      -24.818641662597656,
      -13.650525093078613,
      7.612233638763428
    ],
    "35": [
      -27.66329002380371,
      -3.9714198112487793,
      5.647685527801514
    ],
    "36": [
      -30.099489212036133,
      8.7910795211792,
      3.6873035430908203
    ],
    "37": [
      -31.436960220336914,
      24.327714920043945,
      3.10912823677063
    ],
    "41": [
      0.8658164143562317,
      -30.97804069519043,
      12.651251792907715
    ],
    "42": [
      8.077528953552246,
      -29.376705169677734,
      12.063216209411621
    ],
    "43": [
      14.856108665466309,
      -24.597171783447266,
      10.925273895263672
    ],
    "44": [
      20.89936065673828,
      -16.839710235595703,
      9.839211463928223
    ],
    "45": [
      25.149551391601562,
      -7.826143741607666,
      8.394404411315918
    ],
    "46": [
      30.556772232055664,
      4.363668918609619,
      6.423137664794922
    ],
    "47": [
      34.28017807006836,
      18.76730728149414,
      5.316457748413086
    ]
  },
  "pairedCaseId": "X9OQZ131_upper",
  "isPrimary": true
}