{
  "id": "X9OQZ131_lower",
  "kind": "demo",
  "title": "Демо-план: выравнивание по дуге (макс. отклонение 5.5 мм)",
  "arch": {
    "a": 0.06715199892114919,
    "b": 0.0,
    "c": -17.915113943596822
  },
  "midline_x": -0.021082930843268066,
  "targets": {
    "31": {
      "position": [
        0.223,
        -1.906,
        0.0
      ],
      "quaternion": [
        0.0,
        0.0,
        0.0,
        1.0
      ]
    },
    "32": {
      "position": [
        0.427,
        -1.345,
        0.0
      ],
      "quaternion": [
        0.0,
        0.0,
        0.0,
        1.0
      ]
    },
    "33": {
      "position": [
        1.444,
        -0.67,
        0.0
      ],
      "quaternion": [
        0.0,
        0.0,
        0.0,
        1.0
      ]
    },
    "34": {
      "position": [
        1.611,
        -0.894,
        0.0
      ],
      "quaternion": [
        0.0,
        0.0,
        0.0,
        1.0
      ]
    },
    "35": {
      "position": [
        1.3,
        -1.265,
        0.0
      ],
      "quaternion": [
        0.0,
        0.0,
        0.0,
        1.0
      ]
    },
    "36": {
      "position": [
        0.678,
        -1.733,
        0.0
      ],
      "quaternion": [
        0.0,
        0.0,
        0.0,
        1.0
      ]
    },
    "37": {
      "position": [
        -0.5,
        -2.22,
        0.0
      ],
      "quaternion": [
        0.0,
        0.0,
        0.0,
        1.0
      ]
    },
    "41": {
      "position": [
        -0.193,
        -2.146,
        0.0
      ],
      "quaternion": [
        0.0,
        0.0,
        0.0,
        1.0
      ]
    },
    "42": {
      "position": [
        -0.617,
        -1.313,
        0.0
      ],
      "quaternion": [
        0.0,
        0.0,
        0.0,
        1.0
      ]
    },
    "43": {
      "position": [
        -1.089,
        -0.8,
        0.0
      ],
      "quaternion": [
        0.0,
        0.0,
        0.0,
        1.0
      ]
    },
    "44": {
      "position": [
        -1.379,
        -0.864,
        0.0
      ],
      "quaternion": [
        0.0,
        0.0,
        0.0,
        1.0
      ]
    },
    "45": {
      "position": [
        -1.049,
        -1.134,
        0.0
      ],
      "quaternion": [
        0.0,
        0.0,
        0.0,
        1.0
      ]
    },
    "46": {
      "position": [
        -0.959,
        -1.615,
        0.0
      ],
      "quaternion": [
        0.0,
        0.0,
        0.0,
        1.0
      ]
    },
    "47": {
      "position": [
        0.103,
        -1.777,
        0.0
      ],
      "quaternion": [
        0.0,
        0.0,
        0.0,
        1.0
      ]
    }
  }
}