{
  "id": "X9OQZ131_lower",
  "kind": "demo",
  "title": "Демо-план: коррекция midline на 3.0 мм, выравнивание по дуге (макс. отклонение 24.0 мм)",
  "arch": {
    "a": 0.039955527367416664,
    "b": 0.0,
    "c": -31.938036170641528
  },
  "midline_x": -3.000147670507431,
  "targets": {
    "31": {
      "position": [
        3.068,
        -0.496,
        0.0
      ],
      "quaternion": [
        0.0,
        0.0,
        0.0,
        1.0
      ]
    },
    "32": {
      "position": [
        4.0,
        -1.399,
        0.0
      ],
      "quaternion": [
        0.0,
        0.0,
        0.0,
        1.0
      ]
    },
    "33": {
      "position": [
        4.0,
        -2.6,
        0.0
      ],
      "quaternion": [
        0.0,
        0.0,
        0.0,
        1.0
      ]
    },
    "34": {
      "position": [
        4.0,
        -4.0,
        0.0
      ],
      "quaternion": [
        0.0,
        0.0,
        0.0,
        1.0
      ]
    },
    "35": {
      "position": [
        4.0,
        -4.0,
        0.0
      ],
      "quaternion": [
        0.0,
        0.0,
        0.0,
        1.0
      ]
    },
    "36": {
      "position": [
        3.712,
        -4.0,
        0.0
      ],
      "quaternion": [
        0.0,
        0.0,
        0.0,
        1.0
      ]
    },
    "37": {
      "position": [
        1.49,
        -4.0,
        0.0
      ],
      "quaternion": [
        0.0,
        0.0,
        0.0,
        1.0
      ]
    },
    "41": {
      "position": [
        1.133,
        -0.499,
        0.0
      ],
      "quaternion": [
        0.0,
        0.0,
        0.0,
        1.0
      ]
    },
    "42": {
      "position": [
        -0.511,
        -0.283,
        0.0
      ],
      "quaternion": [
        0.0,
        0.0,
        0.0,
        1.0
      ]
    },
    "43": {
      "position": [
        -1.946,
        -1.06,
        0.0
      ],
      "quaternion": [
        0.0,
        0.0,
        0.0,
        1.0
      ]
    },
    "44": {
      "position": [
        -3.067,
        -2.938,
        0.0
      ],
      "quaternion": [
        0.0,
        0.0,
        0.0,
        1.0
      ]
    },
    "45": {
      "position": [
        -3.296,
        -4.0,
        0.0
      ],
      "quaternion": [
        0.0,
        0.0,
        0.0,
        1.0
      ]
    },
    "46": {
      "position": [
        -4.0,
        -4.0,
        0.0
      ],
      "quaternion": [
        0.0,
        0.0,
        0.0,
        1.0
      ]
    },
    "47": {
      "position": [
        -3.48,
        -4.0,
        0.0
      ],
      "quaternion": [
        0.0,
        0.0,
        0.0,
        1.0
      ]
    }
  }
}